dataset,axis,level,n_samples,mean_score,std_score,thr_edge,detect_rate_edge,mean_fov_ratio,thr_fov,detect_rate_fov,detect_rate_edge_mean_of_k,k
kitti_mini,pitch,0.0,20,0.559,0.084,0.403,5.0,0.158,0.142,5.0,2.0,10
kitti_mini,pitch,0.5,40,0.53,0.086,0.403,12.5,0.158,0.142,5.0,30.333,10
kitti_mini,pitch,1.0,40,0.494,0.093,0.403,17.5,0.158,0.142,5.0,90.0,10
kitti_mini,pitch,2.0,40,0.448,0.106,0.403,37.5,0.158,0.142,22.5,99.333,10
kitti_mini,pitch,3.0,40,0.416,0.115,0.403,50.0,0.157,0.142,47.5,100.0,10
kitti_mini,roll,0.0,20,0.559,0.084,0.403,5.0,0.158,0.142,5.0,0.333,10
kitti_mini,roll,0.5,40,0.552,0.083,0.403,5.0,0.158,0.142,7.5,3.333,10
kitti_mini,roll,1.0,40,0.536,0.084,0.403,5.0,0.158,0.142,7.5,28.333,10
kitti_mini,roll,2.0,40,0.504,0.092,0.403,20.0,0.158,0.142,5.0,70.667,10
kitti_mini,roll,3.0,40,0.478,0.098,0.403,25.0,0.158,0.142,5.0,90.667,10
kitti_mini,tx,0.0,20,0.559,0.084,0.403,5.0,0.158,0.142,5.0,0.333,10
kitti_mini,tx,2.0,40,0.559,0.083,0.403,10.0,0.158,0.142,7.5,4.333,10
kitti_mini,tx,5.0,40,0.558,0.083,0.403,10.0,0.158,0.142,5.0,6.667,10
kitti_mini,tx,10.0,40,0.555,0.083,0.403,7.5,0.158,0.142,5.0,2.667,10
kitti_mini,ty,0.0,20,0.559,0.084,0.403,5.0,0.158,0.142,5.0,2.333,10
kitti_mini,ty,2.0,40,0.557,0.082,0.403,7.5,0.158,0.142,5.0,4.0,10
kitti_mini,ty,5.0,40,0.555,0.082,0.403,7.5,0.158,0.142,7.5,4.0,10
kitti_mini,ty,10.0,40,0.544,0.081,0.403,5.0,0.158,0.142,7.5,10.0,10
kitti_mini,tz,0.0,20,0.559,0.084,0.403,5.0,0.158,0.142,5.0,2.0,10
kitti_mini,tz,2.0,40,0.558,0.084,0.403,7.5,0.158,0.142,5.0,4.667,10
kitti_mini,tz,5.0,40,0.551,0.082,0.403,7.5,0.158,0.142,5.0,5.667,10
kitti_mini,tz,10.0,40,0.533,0.081,0.403,7.5,0.158,0.142,5.0,12.0,10
kitti_mini,yaw,0.0,20,0.559,0.084,0.403,5.0,0.158,0.142,5.0,5.333,10
kitti_mini,yaw,0.5,40,0.536,0.087,0.403,12.5,0.158,0.142,7.5,18.667,10
kitti_mini,yaw,1.0,40,0.511,0.088,0.403,17.5,0.158,0.142,7.5,50.667,10
kitti_mini,yaw,2.0,40,0.488,0.086,0.403,17.5,0.158,0.142,7.5,79.0,10
kitti_mini,yaw,3.0,40,0.476,0.084,0.403,20.0,0.158,0.142,5.0,97.333,10
nuscenes_mini_subset,pitch,0.0,80,0.241,0.089,0.113,3.75,0.087,0.078,5.0,7.333,10
nuscenes_mini_subset,pitch,0.5,160,0.244,0.093,0.113,5.625,0.087,0.078,5.625,7.0,10
nuscenes_mini_subset,pitch,1.0,160,0.245,0.097,0.113,4.375,0.087,0.078,5.625,5.667,10
nuscenes_mini_subset,pitch,2.0,160,0.236,0.102,0.113,8.75,0.087,0.078,6.25,12.667,10
nuscenes_mini_subset,pitch,3.0,160,0.228,0.096,0.113,11.25,0.087,0.078,5.625,16.0,10
nuscenes_mini_subset,roll,0.0,80,0.241,0.089,0.113,3.75,0.087,0.078,5.0,4.0,10
nuscenes_mini_subset,roll,0.5,160,0.247,0.103,0.113,6.25,0.087,0.078,8.75,6.667,10
nuscenes_mini_subset,roll,1.0,160,0.234,0.105,0.113,10.625,0.087,0.078,16.25,16.667,10
nuscenes_mini_subset,roll,2.0,160,0.225,0.11,0.113,15.625,0.087,0.078,26.875,19.667,10
nuscenes_mini_subset,roll,3.0,160,0.197,0.098,0.113,17.5,0.087,0.078,38.75,50.333,10
nuscenes_mini_subset,tx,0.0,80,0.241,0.089,0.113,3.75,0.087,0.078,5.0,2.333,10
nuscenes_mini_subset,tx,2.0,160,0.241,0.089,0.113,5.0,0.087,0.078,6.25,8.667,10
nuscenes_mini_subset,tx,5.0,160,0.24,0.089,0.113,6.875,0.087,0.078,5.625,6.0,10
nuscenes_mini_subset,tx,10.0,160,0.238,0.089,0.113,6.25,0.087,0.078,6.25,5.333,10
nuscenes_mini_subset,ty,0.0,80,0.241,0.089,0.113,3.75,0.087,0.078,5.0,4.667,10
nuscenes_mini_subset,ty,2.0,160,0.239,0.089,0.113,3.125,0.087,0.078,5.0,4.333,10
nuscenes_mini_subset,ty,5.0,160,0.239,0.09,0.113,5.0,0.087,0.078,6.25,5.0,10
nuscenes_mini_subset,ty,10.0,160,0.237,0.088,0.113,5.0,0.087,0.078,8.75,7.667,10
nuscenes_mini_subset,tz,0.0,80,0.241,0.089,0.113,3.75,0.087,0.078,5.0,3.0,10
nuscenes_mini_subset,tz,2.0,160,0.243,0.093,0.113,5.625,0.087,0.078,6.25,8.0,10
nuscenes_mini_subset,tz,5.0,160,0.241,0.093,0.113,5.0,0.087,0.078,8.75,6.333,10
nuscenes_mini_subset,tz,10.0,160,0.244,0.1,0.113,7.5,0.087,0.078,16.25,4.667,10
nuscenes_mini_subset,yaw,0.0,80,0.241,0.089,0.113,3.75,0.087,0.078,5.0,3.333,10
nuscenes_mini_subset,yaw,0.5,160,0.22,0.089,0.113,10.0,0.087,0.078,6.25,22.0,10
nuscenes_mini_subset,yaw,1.0,160,0.21,0.084,0.113,12.5,0.087,0.078,5.625,29.0,10
nuscenes_mini_subset,yaw,2.0,160,0.212,0.089,0.113,13.75,0.087,0.078,4.375,29.667,10
nuscenes_mini_subset,yaw,3.0,160,0.211,0.086,0.113,13.125,0.087,0.078,4.375,19.667,10
