dataset,axis,level,unit,bucket,n_frames,n_objects,pct_in_box,pct_points_in_fov,pct_baseline_fov_kept
kitti_mini,yaw,0.0,deg,near_<15m,20,21,96.222,15.74,100.0
kitti_mini,yaw,0.0,deg,mid_15-30m,20,33,96.312,15.74,100.0
kitti_mini,yaw,0.0,deg,far_>=30m,20,37,96.893,15.74,100.0
kitti_mini,yaw,0.5,deg,near_<15m,20,21,94.853,15.74,99.345
kitti_mini,yaw,0.5,deg,mid_15-30m,20,33,90.456,15.74,99.345
kitti_mini,yaw,0.5,deg,far_>=30m,20,37,82.31,15.74,99.345
kitti_mini,yaw,1.0,deg,near_<15m,20,21,91.438,15.74,98.693
kitti_mini,yaw,1.0,deg,mid_15-30m,20,33,78.938,15.74,98.693
kitti_mini,yaw,1.0,deg,far_>=30m,20,37,59.2,15.74,98.693
kitti_mini,yaw,2.0,deg,near_<15m,20,21,79.053,15.739,97.395
kitti_mini,yaw,2.0,deg,mid_15-30m,20,33,58.791,15.739,97.395
kitti_mini,yaw,2.0,deg,far_>=30m,20,37,26.687,15.739,97.395
kitti_mini,yaw,3.0,deg,near_<15m,20,21,67.686,15.738,96.072
kitti_mini,yaw,3.0,deg,mid_15-30m,20,33,43.353,15.738,96.072
kitti_mini,yaw,3.0,deg,far_>=30m,20,37,11.774,15.738,96.072
kitti_mini,pitch,0.0,deg,near_<15m,20,21,96.222,15.74,100.0
kitti_mini,pitch,0.0,deg,mid_15-30m,20,33,96.312,15.74,100.0
kitti_mini,pitch,0.0,deg,far_>=30m,20,37,96.893,15.74,100.0
kitti_mini,pitch,0.5,deg,near_<15m,20,21,92.852,15.765,98.809
kitti_mini,pitch,0.5,deg,mid_15-30m,20,33,88.293,15.765,98.809
kitti_mini,pitch,0.5,deg,far_>=30m,20,37,82.552,15.765,98.809
kitti_mini,pitch,1.0,deg,near_<15m,20,21,88.329,15.753,97.661
kitti_mini,pitch,1.0,deg,mid_15-30m,20,33,79.942,15.753,97.661
kitti_mini,pitch,1.0,deg,far_>=30m,20,37,58.893,15.753,97.661
kitti_mini,pitch,2.0,deg,near_<15m,20,21,78.677,15.745,95.282
kitti_mini,pitch,2.0,deg,mid_15-30m,20,33,58.675,15.745,95.282
kitti_mini,pitch,2.0,deg,far_>=30m,20,37,19.486,15.745,95.282
kitti_mini,pitch,3.0,deg,near_<15m,20,21,67.396,15.727,92.835
kitti_mini,pitch,3.0,deg,mid_15-30m,20,33,37.022,15.727,92.835
kitti_mini,pitch,3.0,deg,far_>=30m,20,37,3.791,15.727,92.835
kitti_mini,roll,0.0,deg,near_<15m,20,21,96.222,15.74,100.0
kitti_mini,roll,0.0,deg,mid_15-30m,20,33,96.312,15.74,100.0
kitti_mini,roll,0.0,deg,far_>=30m,20,37,96.893,15.74,100.0
kitti_mini,roll,0.5,deg,near_<15m,20,21,95.96,15.738,99.605
kitti_mini,roll,0.5,deg,mid_15-30m,20,33,95.796,15.738,99.605
kitti_mini,roll,0.5,deg,far_>=30m,20,37,95.875,15.738,99.605
kitti_mini,roll,1.0,deg,near_<15m,20,21,95.02,15.737,99.209
kitti_mini,roll,1.0,deg,mid_15-30m,20,33,93.183,15.737,99.209
kitti_mini,roll,1.0,deg,far_>=30m,20,37,93.971,15.737,99.209
kitti_mini,roll,2.0,deg,near_<15m,20,21,92.329,15.748,98.406
kitti_mini,roll,2.0,deg,mid_15-30m,20,33,88.952,15.748,98.406
kitti_mini,roll,2.0,deg,far_>=30m,20,37,88.43,15.748,98.406
kitti_mini,roll,3.0,deg,near_<15m,20,21,89.59,15.762,97.618
kitti_mini,roll,3.0,deg,mid_15-30m,20,33,84.797,15.762,97.618
kitti_mini,roll,3.0,deg,far_>=30m,20,37,80.252,15.762,97.618
kitti_mini,tx,0.0,cm,near_<15m,20,21,96.222,15.74,100.0
kitti_mini,tx,0.0,cm,mid_15-30m,20,33,96.312,15.74,100.0
kitti_mini,tx,0.0,cm,far_>=30m,20,37,96.893,15.74,100.0
kitti_mini,tx,2.0,cm,near_<15m,20,21,96.286,15.742,99.844
kitti_mini,tx,2.0,cm,mid_15-30m,20,33,96.352,15.742,99.844
kitti_mini,tx,2.0,cm,far_>=30m,20,37,97.016,15.742,99.844
kitti_mini,tx,5.0,cm,near_<15m,20,21,96.321,15.759,99.592
kitti_mini,tx,5.0,cm,mid_15-30m,20,33,96.37,15.759,99.592
kitti_mini,tx,5.0,cm,far_>=30m,20,37,96.983,15.759,99.592
kitti_mini,tx,10.0,cm,near_<15m,20,21,96.076,15.773,99.173
kitti_mini,tx,10.0,cm,mid_15-30m,20,33,96.294,15.773,99.173
kitti_mini,tx,10.0,cm,far_>=30m,20,37,96.953,15.773,99.173
kitti_mini,ty,0.0,cm,near_<15m,20,21,96.222,15.74,100.0
kitti_mini,ty,0.0,cm,mid_15-30m,20,33,96.312,15.74,100.0
kitti_mini,ty,0.0,cm,far_>=30m,20,37,96.893,15.74,100.0
kitti_mini,ty,2.0,cm,near_<15m,20,21,96.258,15.74,99.91
kitti_mini,ty,2.0,cm,mid_15-30m,20,33,96.355,15.74,99.91
kitti_mini,ty,2.0,cm,far_>=30m,20,37,96.927,15.74,99.91
kitti_mini,ty,5.0,cm,near_<15m,20,21,96.016,15.74,99.773
kitti_mini,ty,5.0,cm,mid_15-30m,20,33,96.015,15.74,99.773
kitti_mini,ty,5.0,cm,far_>=30m,20,37,96.665,15.74,99.773
kitti_mini,ty,10.0,cm,near_<15m,20,21,95.272,15.74,99.55
kitti_mini,ty,10.0,cm,mid_15-30m,20,33,95.027,15.74,99.55
kitti_mini,ty,10.0,cm,far_>=30m,20,37,96.1,15.74,99.55
kitti_mini,tz,0.0,cm,near_<15m,20,21,96.222,15.74,100.0
kitti_mini,tz,0.0,cm,mid_15-30m,20,33,96.312,15.74,100.0
kitti_mini,tz,0.0,cm,far_>=30m,20,37,96.893,15.74,100.0
kitti_mini,tz,2.0,cm,near_<15m,20,21,96.192,15.766,99.663
kitti_mini,tz,2.0,cm,mid_15-30m,20,33,96.308,15.766,99.663
kitti_mini,tz,2.0,cm,far_>=30m,20,37,96.618,15.766,99.663
kitti_mini,tz,5.0,cm,near_<15m,20,21,95.53,15.761,98.964
kitti_mini,tz,5.0,cm,mid_15-30m,20,33,95.331,15.761,98.964
kitti_mini,tz,5.0,cm,far_>=30m,20,37,95.779,15.761,98.964
kitti_mini,tz,10.0,cm,near_<15m,20,21,93.322,15.794,98.05
kitti_mini,tz,10.0,cm,mid_15-30m,20,33,93.317,15.794,98.05
kitti_mini,tz,10.0,cm,far_>=30m,20,37,94.013,15.794,98.05
nuscenes_mini_subset,yaw,0.0,deg,near_<15m,80,69,97.608,8.727,100.0
nuscenes_mini_subset,yaw,0.0,deg,mid_15-30m,80,187,98.306,8.727,100.0
nuscenes_mini_subset,yaw,0.0,deg,far_>=30m,80,36,99.62,8.727,100.0
nuscenes_mini_subset,yaw,0.5,deg,near_<15m,80,69,96.657,8.725,99.11
nuscenes_mini_subset,yaw,0.5,deg,mid_15-30m,80,187,96.047,8.725,99.11
nuscenes_mini_subset,yaw,0.5,deg,far_>=30m,80,36,96.772,8.725,99.11
nuscenes_mini_subset,yaw,1.0,deg,near_<15m,80,69,92.252,8.726,98.223
nuscenes_mini_subset,yaw,1.0,deg,mid_15-30m,80,187,88.795,8.726,98.223
nuscenes_mini_subset,yaw,1.0,deg,far_>=30m,80,36,87.51,8.726,98.223
nuscenes_mini_subset,yaw,2.0,deg,near_<15m,80,69,76.732,8.726,96.415
nuscenes_mini_subset,yaw,2.0,deg,mid_15-30m,80,187,69.806,8.726,96.415
nuscenes_mini_subset,yaw,2.0,deg,far_>=30m,80,36,64.44,8.726,96.415
nuscenes_mini_subset,yaw,3.0,deg,near_<15m,80,69,61.475,8.723,94.62
nuscenes_mini_subset,yaw,3.0,deg,mid_15-30m,80,187,54.942,8.723,94.62
nuscenes_mini_subset,yaw,3.0,deg,far_>=30m,80,36,37.355,8.723,94.62
nuscenes_mini_subset,pitch,0.0,deg,near_<15m,80,69,97.608,8.727,100.0
nuscenes_mini_subset,pitch,0.0,deg,mid_15-30m,80,187,98.306,8.727,100.0
nuscenes_mini_subset,pitch,0.0,deg,far_>=30m,80,36,99.62,8.727,100.0
nuscenes_mini_subset,pitch,0.5,deg,near_<15m,80,69,96.843,8.729,99.645
nuscenes_mini_subset,pitch,0.5,deg,mid_15-30m,80,187,97.093,8.729,99.645
nuscenes_mini_subset,pitch,0.5,deg,far_>=30m,80,36,98.566,8.729,99.645
nuscenes_mini_subset,pitch,1.0,deg,near_<15m,80,69,95.885,8.73,99.32
nuscenes_mini_subset,pitch,1.0,deg,mid_15-30m,80,187,95.659,8.73,99.32
nuscenes_mini_subset,pitch,1.0,deg,far_>=30m,80,36,97.776,8.73,99.32
nuscenes_mini_subset,pitch,2.0,deg,near_<15m,80,69,92.512,8.722,98.685
nuscenes_mini_subset,pitch,2.0,deg,mid_15-30m,80,187,91.203,8.722,98.685
nuscenes_mini_subset,pitch,2.0,deg,far_>=30m,80,36,95.898,8.722,98.685
nuscenes_mini_subset,pitch,3.0,deg,near_<15m,80,69,89.205,8.71,98.015
nuscenes_mini_subset,pitch,3.0,deg,mid_15-30m,80,187,86.853,8.71,98.015
nuscenes_mini_subset,pitch,3.0,deg,far_>=30m,80,36,89.307,8.71,98.015
nuscenes_mini_subset,roll,0.0,deg,near_<15m,80,69,97.608,8.727,100.0
nuscenes_mini_subset,roll,0.0,deg,mid_15-30m,80,187,98.306,8.727,100.0
nuscenes_mini_subset,roll,0.0,deg,far_>=30m,80,36,99.62,8.727,100.0
nuscenes_mini_subset,roll,0.5,deg,near_<15m,80,69,94.335,8.696,98.813
nuscenes_mini_subset,roll,0.5,deg,mid_15-30m,80,187,92.866,8.696,98.813
nuscenes_mini_subset,roll,0.5,deg,far_>=30m,80,36,92.573,8.696,98.813
nuscenes_mini_subset,roll,1.0,deg,near_<15m,80,69,90.059,8.7,97.758
nuscenes_mini_subset,roll,1.0,deg,mid_15-30m,80,187,83.77,8.7,97.758
nuscenes_mini_subset,roll,1.0,deg,far_>=30m,80,36,75.638,8.7,97.758
nuscenes_mini_subset,roll,2.0,deg,near_<15m,80,69,80.418,8.698,95.516
nuscenes_mini_subset,roll,2.0,deg,mid_15-30m,80,187,63.875,8.698,95.516
nuscenes_mini_subset,roll,2.0,deg,far_>=30m,80,36,45.729,8.698,95.516
nuscenes_mini_subset,roll,3.0,deg,near_<15m,80,69,69.486,8.687,93.328
nuscenes_mini_subset,roll,3.0,deg,mid_15-30m,80,187,39.957,8.687,93.328
nuscenes_mini_subset,roll,3.0,deg,far_>=30m,80,36,16.21,8.687,93.328
nuscenes_mini_subset,tx,0.0,cm,near_<15m,80,69,97.608,8.727,100.0
nuscenes_mini_subset,tx,0.0,cm,mid_15-30m,80,187,98.306,8.727,100.0
nuscenes_mini_subset,tx,0.0,cm,far_>=30m,80,36,99.62,8.727,100.0
nuscenes_mini_subset,tx,2.0,cm,near_<15m,80,69,97.623,8.725,99.869
nuscenes_mini_subset,tx,2.0,cm,mid_15-30m,80,187,98.306,8.725,99.869
nuscenes_mini_subset,tx,2.0,cm,far_>=30m,80,36,99.62,8.725,99.869
nuscenes_mini_subset,tx,5.0,cm,near_<15m,80,69,97.496,8.727,99.693
nuscenes_mini_subset,tx,5.0,cm,mid_15-30m,80,187,98.195,8.727,99.693
nuscenes_mini_subset,tx,5.0,cm,far_>=30m,80,36,99.451,8.727,99.693
nuscenes_mini_subset,tx,10.0,cm,near_<15m,80,69,97.14,8.726,99.382
nuscenes_mini_subset,tx,10.0,cm,mid_15-30m,80,187,97.748,8.726,99.382
nuscenes_mini_subset,tx,10.0,cm,far_>=30m,80,36,99.278,8.726,99.382
nuscenes_mini_subset,ty,0.0,cm,near_<15m,80,69,97.608,8.727,100.0
nuscenes_mini_subset,ty,0.0,cm,mid_15-30m,80,187,98.306,8.727,100.0
nuscenes_mini_subset,ty,0.0,cm,far_>=30m,80,36,99.62,8.727,100.0
nuscenes_mini_subset,ty,2.0,cm,near_<15m,80,69,97.568,8.725,99.788
nuscenes_mini_subset,ty,2.0,cm,mid_15-30m,80,187,98.312,8.725,99.788
nuscenes_mini_subset,ty,2.0,cm,far_>=30m,80,36,99.62,8.725,99.788
nuscenes_mini_subset,ty,5.0,cm,near_<15m,80,69,97.517,8.718,99.436
nuscenes_mini_subset,ty,5.0,cm,mid_15-30m,80,187,98.289,8.718,99.436
nuscenes_mini_subset,ty,5.0,cm,far_>=30m,80,36,99.62,8.718,99.436
nuscenes_mini_subset,ty,10.0,cm,near_<15m,80,69,97.451,8.705,98.818
nuscenes_mini_subset,ty,10.0,cm,mid_15-30m,80,187,98.199,8.705,98.818
nuscenes_mini_subset,ty,10.0,cm,far_>=30m,80,36,99.62,8.705,98.818
nuscenes_mini_subset,tz,0.0,cm,near_<15m,80,69,97.608,8.727,100.0
nuscenes_mini_subset,tz,0.0,cm,mid_15-30m,80,187,98.306,8.727,100.0
nuscenes_mini_subset,tz,0.0,cm,far_>=30m,80,36,99.62,8.727,100.0
nuscenes_mini_subset,tz,2.0,cm,near_<15m,80,69,97.52,8.712,99.445
nuscenes_mini_subset,tz,2.0,cm,mid_15-30m,80,187,98.127,8.712,99.445
nuscenes_mini_subset,tz,2.0,cm,far_>=30m,80,36,99.72,8.712,99.445
nuscenes_mini_subset,tz,5.0,cm,near_<15m,80,69,97.032,8.7,98.873
nuscenes_mini_subset,tz,5.0,cm,mid_15-30m,80,187,97.292,8.7,98.873
nuscenes_mini_subset,tz,5.0,cm,far_>=30m,80,36,98.566,8.7,98.873
nuscenes_mini_subset,tz,10.0,cm,near_<15m,80,69,94.387,8.716,97.923
nuscenes_mini_subset,tz,10.0,cm,mid_15-30m,80,187,95.306,8.716,97.923
nuscenes_mini_subset,tz,10.0,cm,far_>=30m,80,36,98.596,8.716,97.923
