dataset,kind,level,n_frames,threshold,pts_per_object,pct_in_box_gt,mean_score,false_alarm,detect_yaw1,score_unavailable
kitti_mini,clean,0.0,20,0.403,295.861,96.806,0.559,5.0,17.5,0.0
kitti_mini,random_dropout,0.9,20,0.403,266.375,96.864,0.561,5.0,17.5,0.0
kitti_mini,random_dropout,0.7,20,0.403,206.489,96.695,0.566,0.0,17.5,0.0
kitti_mini,random_dropout,0.5,20,0.403,147.031,96.426,0.573,0.0,20.0,0.0
kitti_mini,random_dropout,0.3,20,0.403,88.53,96.683,0.582,0.0,15.0,0.0
kitti_mini,gaussian_noise,0.02,20,0.403,294.816,96.64,0.552,5.0,17.5,0.0
kitti_mini,gaussian_noise,0.05,20,0.403,291.436,96.089,0.531,5.0,10.0,0.0
kitti_mini,gaussian_noise,0.1,20,0.403,279.617,95.69,0.454,25.0,25.0,0.0
kitti_mini,motion_smear,10.0,20,0.403,157.836,94.181,0.515,10.0,12.5,0.0
kitti_mini,motion_smear,20.0,20,0.403,86.639,91.85,0.491,15.0,17.5,0.0
kitti_mini,motion_smear,30.0,20,0.403,60.604,86.847,0.472,30.0,27.5,0.0
nuscenes_mini_subset,clean,0.0,80,0.12,48.808,98.319,0.241,5.0,15.0,4.167
nuscenes_mini_subset,random_dropout,0.9,80,0.12,43.712,98.383,0.243,6.25,17.5,7.5
nuscenes_mini_subset,random_dropout,0.7,80,0.12,33.315,98.364,0.234,7.5,16.875,24.167
nuscenes_mini_subset,random_dropout,0.5,80,0.12,23.65,98.359,0.212,7.5,16.875,38.75
nuscenes_mini_subset,random_dropout,0.3,80,0.12,13.517,98.53,0.226,0.0,1.875,92.917
nuscenes_mini_subset,gaussian_noise,0.02,80,0.12,48.904,98.323,0.241,6.25,15.625,2.917
nuscenes_mini_subset,gaussian_noise,0.05,80,0.12,48.992,97.461,0.243,2.5,15.0,0.417
nuscenes_mini_subset,gaussian_noise,0.1,80,0.12,48.139,96.57,0.185,16.25,23.75,0.0
