frame,dt_lidar_to_cam_ms,equiv_translation_m,ego_speed_mps,n_objects,pct_in_box_compensated,pct_in_box_uncompensated,score_compensated,score_uncompensated
scene-0103_000,-35.19,0.308,8.76,2,100.0,93.75,0.285,0.215
scene-0103_001,-35.62,0.297,8.34,1,95.238,76.19,0.225,0.148
scene-0103_002,-35.49,0.305,8.58,2,100.0,100.0,0.262,0.287
scene-0103_003,-35.37,0.298,8.42,3,91.533,91.228,0.38,0.33
scene-0103_004,-35.79,0.306,8.56,6,76.389,61.574,0.301,0.205
scene-0103_005,-36.23,0.309,8.54,4,79.252,56.376,0.234,0.135
scene-0103_006,-36.66,0.329,8.97,3,70.123,60.123,0.299,0.227
scene-0103_007,-36.53,0.33,9.04,3,100.0,100.0,0.332,0.372
scene-0103_008,-36.42,0.327,8.98,2,52.257,51.128,0.465,0.439
scene-0103_009,-35.75,0.323,9.04,5,88.0,86.615,,
scene-0103_010,-35.62,0.306,8.6,5,72.8,67.294,0.4,0.318
scene-0103_011,-35.49,0.25,7.06,4,61.609,57.665,0.361,0.302
scene-0103_012,-35.36,0.206,5.82,4,100.0,93.75,0.248,0.192
scene-0103_013,-34.62,0.169,4.88,4,83.333,83.333,0.212,0.2
scene-0103_014,-34.49,0.124,3.58,4,90.0,85.0,0.228,0.227
scene-0103_015,-34.38,0.076,2.21,5,85.835,82.823,0.23,0.252
scene-0103_016,-34.23,0.058,1.68,3,68.6,68.261,0.206,0.213
scene-0103_017,-34.33,0.057,1.65,5,89.226,88.94,0.349,0.35
scene-0103_018,-34.77,0.059,1.69,4,83.631,83.308,0.238,0.233
scene-0103_019,-35.18,0.067,1.9,5,80.766,80.052,0.249,0.22
scene-0103_020,-35.62,0.085,2.4,6,82.241,82.111,0.195,0.197
scene-0103_021,-35.82,0.094,2.61,7,78.158,77.155,0.173,0.18
scene-0103_022,-37.76,0.118,3.12,4,81.072,80.709,0.177,0.155
scene-0103_023,-36.13,0.123,3.41,5,73.232,72.829,0.28,0.245
scene-0103_024,-35.99,0.142,3.93,7,84.862,83.436,0.134,0.128
scene-0103_025,-35.33,0.162,4.58,6,72.526,71.57,0.102,0.094
scene-0103_026,-35.2,0.169,4.79,4,93.371,92.803,0.113,0.104
scene-0103_027,-35.09,0.189,5.39,5,85.6,85.333,0.155,0.218
scene-0103_028,-34.65,0.199,5.75,6,83.642,83.539,0.123,0.164
scene-0103_029,-34.83,0.214,6.14,5,76.19,75.619,0.181,0.237
scene-0103_030,-34.73,0.222,6.4,5,86.035,82.722,0.257,0.25
scene-0103_031,-34.59,0.233,6.74,10,76.239,74.506,0.166,0.208
scene-0103_032,-34.46,0.249,7.24,9,67.403,66.909,0.23,0.26
scene-0103_033,-34.85,0.263,7.56,7,85.84,84.851,0.189,0.282
scene-0103_034,-35.34,0.274,7.75,7,82.354,81.332,,
scene-0103_035,-35.3,0.285,8.06,7,75.099,74.114,,
scene-0103_036,-35.65,0.288,8.07,7,77.161,75.962,0.215,0.148
scene-0103_037,-35.52,0.286,8.04,6,70.024,67.437,0.304,0.332
scene-0103_038,-36.51,0.303,8.3,7,75.548,74.179,0.23,0.146
scene-0103_039,-35.82,0.291,8.13,5,96.703,96.484,,
scene-1094_000,-35.66,0.005,0.14,6,86.32,85.958,0.18,0.178
scene-1094_001,-35.52,0.005,0.15,7,86.027,86.027,0.256,0.257
scene-1094_002,-35.44,0.008,0.23,9,88.994,87.759,0.313,0.312
scene-1094_003,-34.72,0.022,0.64,10,72.122,72.989,0.151,0.16
scene-1094_004,-34.6,0.039,1.12,6,74.685,74.518,0.28,0.3
scene-1094_005,-35.02,0.06,1.71,8,67.82,67.398,0.288,0.286
scene-1094_006,-34.92,0.07,2.0,6,81.317,82.647,0.375,0.425
scene-1094_007,-37.68,0.11,2.93,5,95.088,94.806,0.415,0.45
scene-1094_008,-35.24,0.104,2.96,7,89.26,90.888,0.409,0.437
scene-1094_009,-35.63,0.097,2.72,9,68.367,74.697,0.326,0.382
scene-1094_010,-35.02,0.094,2.69,8,70.8,69.579,0.383,0.35
scene-1094_011,-34.85,0.097,2.77,8,83.999,82.957,0.245,0.32
scene-1094_012,-35.28,0.091,2.57,9,89.859,86.925,0.223,0.196
scene-1094_013,-35.26,0.095,2.68,9,83.766,83.341,0.433,0.407
scene-1094_014,-35.57,0.102,2.87,8,100.0,98.247,0.371,0.352
scene-1094_015,-35.99,0.123,3.43,8,75.706,72.648,0.184,0.182
scene-1094_016,-37.0,0.166,4.49,7,85.586,85.158,0.21,0.189
scene-1094_017,-37.96,0.188,4.97,5,81.575,80.256,0.311,0.335
scene-1094_018,-37.84,0.235,6.2,4,71.354,68.188,0.301,0.288
scene-1094_019,-37.73,0.245,6.5,4,79.876,79.108,0.368,0.358
scene-1094_020,-37.27,0.259,6.96,4,89.189,87.162,0.299,0.259
scene-1094_021,-36.58,0.261,7.15,4,60.929,59.967,0.324,0.309
scene-1094_022,-36.46,0.279,7.65,2,96.429,94.345,0.183,0.19
scene-1094_023,-39.54,0.323,8.18,2,58.065,54.032,0.203,0.235
scene-1094_024,-34.89,0.298,8.55,2,94.444,86.111,0.198,0.184
scene-1094_025,-34.77,0.304,8.75,2,98.837,96.206,0.19,0.192
scene-1094_026,-34.63,0.312,9.02,1,100.0,100.0,0.194,0.168
scene-1094_027,-35.09,0.324,9.22,3,94.384,90.851,0.182,0.17
scene-1094_028,-35.5,0.338,9.52,5,98.889,98.148,0.151,0.178
scene-1094_029,-35.44,0.349,9.86,4,55.06,53.923,0.13,0.123
scene-1094_030,-35.24,0.369,10.46,3,99.383,96.296,0.192,0.18
scene-1094_031,-35.11,0.37,10.54,2,100.0,100.0,0.125,0.13
scene-1094_032,-35.54,0.387,10.88,2,90.288,90.288,0.133,0.164
scene-1094_033,-35.99,0.414,11.5,2,57.196,56.277,0.231,0.205
scene-1094_034,-35.86,0.417,11.62,1,100.0,100.0,0.161,0.115
scene-1094_035,-35.42,0.427,12.06,1,100.0,100.0,0.133,0.167
scene-1094_036,-35.61,0.451,12.66,1,100.0,100.0,0.105,0.09
scene-1094_037,-36.03,0.45,12.48,1,0.0,0.0,0.13,0.116
scene-1094_038,-35.9,0.446,12.43,2,100.0,98.837,0.196,0.15
scene-1094_039,-35.23,0.451,12.79,2,100.0,100.0,0.087,0.096
